<?xml version="1.0" ?>
<iskola>
    <tanar kod="K1">
        <nev>Dr. Kovács Szilveszter</nev>
        <szak>IIT</szak>
    </tanar>
    <tanar kod="K2">
        <nev>Vincze Dávid</nev>
        <szak>IIT</szak>
    </tanar>
    <tanar kod="K3" >
        <nev>Kovács László</nev>
        <szak>angol</szak>
    </tanar>
    <diak kod="D1" konzulens="K1">
        <nev>Balázsfalvi Gergő</nev>
        <osztaly>G3BP</osztaly>
    </diak>
    <diak kod="D2" konzulens="K2">
        <nev>Nagy Laci</nev>
        <osztaly>G3BP</osztaly>
    </diak>
</iskola>
